{"cameraMode":{"drawMode":0,"name":"Shaded","section":"Shading Mode"},"sceneLighting":true,"audioPlay":false,"sceneViewState":{"m_AlwaysRefresh":false,"showFog":true,"showSkybox":true,"showFlares":true,"showImageEffects":true,"showParticleSystems":true,"showVisualEffectGraphs":true,"m_FxEnabled":true},"in2DMode":false,"pivot":{"x":325.2176818847656,"y":19.399999618530275,"z":427.6000061035156},"rotation":{"x":-0.03677785024046898,"y":-0.9548054337501526,"z":0.13348999619483949,"w":-0.26302552223205569},"size":1.2247449159622193,"orthographic":false}